id,id induk,nama akun,nama kategori,id kategori,nama perusahaan,id perusahaan
11100,,KAS PT. ANAE,KAS/BANK,1,PT. ANAE,1
11101,11100,KAS ANAE EKSEKUTIF (Khusus),KAS/BANK,1,PT. ANAE,1
11102,11100,KAS ANAE OPERASIONAL JBI,KAS/BANK,1,PT. ANAE,1
11103,11100,KAS ANAE VENDOR JAMBI,KAS/BANK,1,PT. ANAE,1
11104,11100,KAS ANAE VENDOR M. KILIS,KAS/BANK,1,PT. ANAE,1
11200,,KAS PT. ANP,KAS/BANK,1,PT. ANP,2
11201,11200,KAS ANP BUNGO - 01,KAS/BANK,1,PT. ANP,2
11202,11200,KAS ANP BUNGO - 02,KAS/BANK,1,PT. ANP,2
11203,11200,KAS ANP U/J ANP M. KILIS ,KAS/BANK,1,PT. ANP,2
11204,11200,KAS ANP OPERASIONAL M. KILIS ,KAS/BANK,1,PT. ANP,2
11205,11200,KAS ANP U/J JAMBI ,KAS/BANK,1,PT. ANP,2
11206,11200,KAS ANP OPERASIONAL JAMBI ,KAS/BANK,1,PT. ANP,2
11207,11200,KAS ANP OPERASIONAL BAYUNG,KAS/BANK,1,PT. ANP,2
11208,11200,KAS ANP OPERASIONAL RONALD,KAS/BANK,1,PT. ANP,2
11300,,KAS PT. KPS,KAS/BANK,1,PT. KPS,3
11301,11300,KAS KPS OPERASIONAL ,KAS/BANK,1,PT. KPS,3
11400,,KAS ADL,KAS/BANK,1,ADL,4
11401,11400,KAS OPERASIONAL KMS,KAS/BANK,1,ADL,4
11402,11400,KAS U/J ADL M. KILIS ,KAS/BANK,1,ADL,4
11403,11400,KAS U/J ADL JAMBI,KAS/BANK,1,ADL,4
12100,,BANK PT. ANAE,KAS/BANK,1,PT. ANAE,1
12101,12100,BANK ANAE MANDIRI (1188),KAS/BANK,1,PT. ANAE,1
12102,12100,BANK ANAE MANDIRI (6764),KAS/BANK,1,PT. ANAE,1
12103,12100,BANK ANAE BNI (1781),KAS/BANK,1,PT. ANAE,1
12104,12100,BANK ANAE BCA (1717),KAS/BANK,1,PT. ANAE,1
12105,12100,BANK ANAE BRI (6568),KAS/BANK,1,PT. ANAE,1
12106,12100,BANK ANAE BRI Kredit (3307),KAS/BANK,1,PT. ANAE,1
12200,,BANK PT. ANP,KAS/BANK,1,PT. ANP,2
12201,12200,BANK ANP MANDIRI (9113),KAS/BANK,1,PT. ANP,2
12202,12200,BANK ANP MANDIRI (7889),KAS/BANK,1,PT. ANP,2
12203,12200,BANK ANP MANDIRI (2713),KAS/BANK,1,PT. ANP,2
12204,12200,BANK ANP BNI (0218),KAS/BANK,1,PT. ANP,2
12205,12200,BANK ANP BRI (1563),KAS/BANK,1,PT. ANP,2
12300,,BANK ADL,KAS/BANK,1,ADL,4
12301,12300,BANK ADL MANDIRI (6645),KAS/BANK,1,ADL,4
12302,12300,BANK ADL MANDIRI FIKAR (7769),KAS/BANK,1,ADL,4
12400,,BANK PT. KPS,KAS/BANK,1,PT. KPS,3
12401,12400,BANK KPS MANDIRI (1876),KAS/BANK,1,PT. KPS,3
13100,,PIUTANG PT. ANAE PENJUALAN BATU (BUYER),AKUN PIUTANG,2,PT. ANAE,1
13101,13100,PIUTANG USAHA PT. Timora / PT. Okto San,AKUN PIUTANG,2,PT. ANAE,1
13102,13100,PIUTANG USAHA PT. JKS (PT. Jaya Kaininia Sukses),AKUN PIUTANG,2,PT. ANAE,1
13103,13100,PIUTANG USAHA PT. KTN (PT. Karunia Tunggal Usaha),AKUN PIUTANG,2,PT. ANAE,1
13104,13100,PIUTANG USAHA PT. RMS (PT. Rajawali Multi Selaras),AKUN PIUTANG,2,PT. ANAE,1
13105,13100,PIUTANG USAHA PT. SSN (PT. Surya Satria Nusantara),AKUN PIUTANG,2,PT. ANAE,1
13106,13100,PIUTANG USAHA PT. KCR / PT. DBS,AKUN PIUTANG,2,PT. ANAE,1
13107,13100,PIUTANG …................,AKUN PIUTANG,2,PT. ANAE,1
13108,13100,PIUTANG …................,AKUN PIUTANG,2,PT. ANAE,1
13150,,PIUTANG PT. ANAE BONGKAR MUAT,AKUN PIUTANG,2,PT. ANAE,1
13151,13150,PIUTANG PT. KCR / PT. DBS (BM),AKUN PIUTANG,2,PT. ANAE,1
13152,13150,PIUTANG PT. BBMM (BM),AKUN PIUTANG,2,PT. ANAE,1
13153,13150,PIUTANG PT. AAA (BM),AKUN PIUTANG,2,PT. ANAE,1
13154,13150,PIUTANG PT. BHS (BM),AKUN PIUTANG,2,PT. ANAE,1
13155,13150,PIUTANG PT. SBI (BM),AKUN PIUTANG,2,PT. ANAE,1
13180,,PIUTANG PT. ANAE HAULING ,AKTIVA LANCAR LAINNYA,3,PT. ANAE,1
13181,13180,UANG MUKA PT. ANAE HAULING VENDOR ,AKTIVA LANCAR LAINNYA,3,PT. ANAE,1
13190,,PIUTANG PT. ANAE KARYAWAN ,AKUN PIUTANG,2,PT. ANAE,1
13191,13190,PIUTANG KARYAWAN PT. ANAE,AKUN PIUTANG,2,PT. ANAE,1
13192,13190,PIUTANG …................,AKUN PIUTANG,2,PT. ANAE,1
13200,,PIUTANG PT. ANP,AKTIVA LANCAR LAINNYA,3,PT. ANP,2
13201,13200,UANG MUKA PT. ANP HAULING - TJP ,AKTIVA LANCAR LAINNYA,3,PT. ANP,2
13202,13200,UANG MUKA PT. ANP HAULING - AKT ,AKTIVA LANCAR LAINNYA,3,PT. ANP,2
13300,,PIUTANG PT. ANP KARYAWAN ,AKUN PIUTANG,2,PT. ANP,2
13301,13300,PIUTANG KARYAWAN PT. ANP,AKUN PIUTANG,2,PT. ANP,2
13302,13300,PIUTANG …................,AKUN PIUTANG,2,PT. ANP,2
14100,,PIUTANG PERPAJAKAN PT. ANAE ,AKTIVA LANCAR LAINNYA,3,PT. ANAE,1
14101,14100,"UANG MUKA PPH 22 (1,5%)",AKTIVA LANCAR LAINNYA,3,PT. ANAE,1
14102,14100,UANG MUKA PPH 23 (2%),AKTIVA LANCAR LAINNYA,3,PT. ANAE,1
14103,14100,UANG MUKA PPH 25 (Badan),AKTIVA LANCAR LAINNYA,3,PT. ANAE,1
14104,14100,UANG MUKA Pasal 4 (2) Sewa Lahan,AKTIVA LANCAR LAINNYA,3,PT. ANAE,1
14105,14100,UANG MUKA PPH UMKM,AKTIVA LANCAR LAINNYA,3,PT. ANAE,1
14106,14100,PPN MASUKAN ,AKTIVA LANCAR LAINNYA,3,PT. ANAE,1
14200,,PIUTANG PERPAJAKAN PT. ANP ,AKTIVA LANCAR LAINNYA,3,PT. ANP,2
14201,14200,"UANG MUKA PPH 22 (1,5%)",AKTIVA LANCAR LAINNYA,3,PT. ANP,2
14202,14200,UANG MUKA PPH 23 (2%),AKTIVA LANCAR LAINNYA,3,PT. ANP,2
14203,14200,UANG MUKA PPH 25 (Badan),AKTIVA LANCAR LAINNYA,3,PT. ANP,2
14204,14200,UANG MUKA PPH UMKM,AKTIVA LANCAR LAINNYA,3,PT. ANP,2
14205,14200,UANG MUKA Pasal 4 (2) Sewa Lahan,AKTIVA LANCAR LAINNYA,3,PT. ANP,2
14206,14200,PPN MASUKAN ,AKTIVA LANCAR LAINNYA,3,PT. ANP,2
14300,,PIUTANG PERPAJAKAN PT. KPS,AKTIVA LANCAR LAINNYA,3,PT. KPS,3
14301,14300,"UANG MUKA PPH 22 (1,5%)",AKTIVA LANCAR LAINNYA,3,PT. KPS,3
14302,14300,UANG MUKA PPH 23 (2%),AKTIVA LANCAR LAINNYA,3,PT. KPS,3
14303,14300,UANG MUKA PPH 25 (Badan),AKTIVA LANCAR LAINNYA,3,PT. KPS,3
14304,14300,UANG MUKA PPH UMKM,AKTIVA LANCAR LAINNYA,3,PT. KPS,3
14305,14300,UANG MUKA Pasal 4 (2) Sewa Lahan,AKTIVA LANCAR LAINNYA,3,PT. KPS,3
14306,14300,PPN MASUKAN ,AKTIVA LANCAR LAINNYA,3,PT. KPS,3
15100,,PERSEDIAAN BATUBARA PT. ANAE ,PERSEDIAAN,4,PT. ANAE,1
15101,15100,PERSEDIAAN BATUBARA ,PERSEDIAAN,4,PT. ANAE,1
15500,,PERSEDIAAN BONGKAR MUAT PT. ANAE,PERSEDIAAN,4,PT. ANAE,1
15501,15500,BONGKAR MUAT CRUSHER ,PERSEDIAAN,4,PT. ANAE,1
15502,15500,BONGKAR MUAT RAWCOAL ,PERSEDIAAN,4,PT. ANAE,1
16100,,PERSEDIAAN BATUBARA PT. ANP,PERSEDIAAN,4,PT. ANP,2
16101,16100,PERSEDIAAN SPARE PART KENDARAAN,PERSEDIAAN,4,PT. ANP,2
17100,,ASET TETAP PERUSAHAAN PT. ANAE,AKTIVA TETAP,5,PT. ANAE,1
17101,17100,ASET TETAP PERALATAN KANTOR PT. ANAE,AKTIVA TETAP,5,PT. ANAE,1
17102,17100,ASET TETAP KENDARAAN KANTOR PT. ANAE,AKTIVA TETAP,5,PT. ANAE,1
17500,,AKUMULASI ASET TETAP PT. ANAE,AKUMULASI PENYUSUTAN,6,PT. ANAE,1
17501,17500,AKUMULASI ASET TETAP PT. ANAE,AKUMULASI PENYUSUTAN,6,PT. ANAE,1
18100,,ASET TETAP PERUSAHAAN PT. ANP,AKTIVA TETAP,5,PT. ANP,2
18101,18100,TANAH,AKTIVA TETAP,5,PT. ANP,2
18102,18100,KENDARAAN OPERASIONAL,AKTIVA TETAP,5,PT. ANP,2
18103,18100,KENDARAAN ANGKUTAN,AKTIVA TETAP,5,PT. ANP,2
18104,18100,INVENTARIS KANTOR ,AKTIVA TETAP,5,PT. ANP,2
18105,18100,KENDARAAN KANTOR,AKTIVA TETAP,5,PT. ANP,2
18106,18100,ALAT BERAT OPERASIONAL ,AKTIVA TETAP,5,PT. ANP,2
18500,,AKUMULASI ASET TETAP PT. ANP,AKUMULASI PENYUSUTAN,6,PT. ANP,2
18501,18500,AKUM PENY KENDARAAN OPERASIONAL ,AKUMULASI PENYUSUTAN,6,PT. ANP,2
18502,18500,AKUM PENY KENDARAAN ANGKUTAN,AKUMULASI PENYUSUTAN,6,PT. ANP,2
18503,18500,AKUM PENY INVENTARIS KANTOR ,AKUMULASI PENYUSUTAN,6,PT. ANP,2
18504,18500,AKUM PENY KENDARAAN KANTOR ,AKUMULASI PENYUSUTAN,6,PT. ANP,2
18505,18500,AKUM PENY ALAT BERAT OPERASIONAL ,AKUMULASI PENYUSUTAN,6,PT. ANP,2
21100,,HUTANG USAHA PT. ANAE,AKUN HUTANG,7,PT. ANAE,1
21101,21100,HUTANG USAHA AMI,AKUN HUTANG,7,PT. ANAE,1
21102,21100,HUTANG USAHA SEN,AKUN HUTANG,7,PT. ANAE,1
21103,21100,HUTANG USAHA SJA,AKUN HUTANG,7,PT. ANAE,1
21120,,HUTANG TERKAIT BONGKAR MUAT PT.ANAE,AKUN HUTANG,7,PT. ANAE,1
21121,21120,HUTANG KE PT EWF (DBS/KCR),AKUN HUTANG,7,PT. ANAE,1
21122,21120,HUTANG KE PT EWF (BBMM),AKUN HUTANG,7,PT. ANAE,1
21123,21120,HUTANG KE PT EWF (AAA),AKUN HUTANG,7,PT. ANAE,1
21124,21120,HUTANG KE PT EWF (SEWA LAHAN),AKUN HUTANG,7,PT. ANAE,1
21125,21120,HUTANG KE PT EWF (PELABUHAN ANAE),AKUN HUTANG,7,PT. ANAE,1
21150,,HUTANG HAULING PT. ANAE,AKUN HUTANG,7,PT. ANAE,1
21151,21150,HUTANG KE ANP HAULING ,AKUN HUTANG,7,PT. ANAE,1
21152,21150,HUTANG KE H. HER HAULING ,AKUN HUTANG,7,PT. ANAE,1
21153,21150,HUTANG KE FENDI HAULING ,AKUN HUTANG,7,PT. ANAE,1
21154,21150,HUTANG KE LAKUN/AYONG HAULING ,AKUN HUTANG,7,PT. ANAE,1
21170,,HUTANG PT. ANAE LAINNYA,HUTANG LANCAR LAINNYA,8,PT. ANAE,1
21171,21170,HUTANG KE PT. CARSURIN,HUTANG LANCAR LAINNYA,8,PT. ANAE,1
21172,21170,HUTANG KE Sdr. ROZI,HUTANG LANCAR LAINNYA,8,PT. ANAE,1
21173,21170,HUTANG KE Sdr. RONALD,HUTANG LANCAR LAINNYA,8,PT. ANAE,1
21180,,HUTANG PT. ANAE TERKAIT BONGKAR MUAT ,AKUN HUTANG,7,PT. ANAE,1
21181,21180,HUTANG KE PT. EWF (BM),AKUN HUTANG,7,PT. ANAE,1
22100,,HUTANG PT. ANP,AKUN HUTANG,7,PT. ANP,2
22101,22100,HUTANG USAHA VENDOR BELUM DIBAYAR,AKUN HUTANG,7,PT. ANP,2
22102,22100,HUTANG KE BUNGKUS/DAYAT,AKUN HUTANG,7,PT. ANP,2
22103,22100,HUTANG KE ABILIO (Minyak),AKUN HUTANG,7,PT. ANP,2
22104,22100,HUTANG KE PT. BAS,AKUN HUTANG,7,PT. ANP,2
22105,22100,HUTANG KE PT. SGM,AKUN HUTANG,7,PT. ANP,2
23100,,HUTANG PERPAJAKAN PT.ANAE,HUTANG LANCAR LAINNYA,8,PT. ANAE,1
23101,23100,"UANG MUKA PPH 22 (1,5%)",HUTANG LANCAR LAINNYA,8,PT. ANAE,1
23102,23100,UANG MUKA PPH 23 (2%),HUTANG LANCAR LAINNYA,8,PT. ANAE,1
23103,23100,UANG MUKA PPH 25 (Badan),HUTANG LANCAR LAINNYA,8,PT. ANAE,1
23104,23100,UANG MUKA PPH UMKM,HUTANG LANCAR LAINNYA,8,PT. ANAE,1
23105,23100,UANG MUKA Pasal 4 (2) Sewa Lahan,HUTANG LANCAR LAINNYA,8,PT. ANAE,1
23106,23100,PPN KELUARAN,HUTANG LANCAR LAINNYA,8,PT. ANAE,1
24100,,HUTANG PERPAJAKAN PT. ANP,HUTANG LANCAR LAINNYA,8,PT. ANP,2
24101,24100,"UANG MUKA PPH 22 (1,5%)",HUTANG LANCAR LAINNYA,8,PT. ANP,2
24102,24100,UANG MUKA PPH 23 (2%),HUTANG LANCAR LAINNYA,8,PT. ANP,2
24103,24100,UANG MUKA PPH 25 (Badan),HUTANG LANCAR LAINNYA,8,PT. ANP,2
24104,24100,UANG MUKA PPH UMKM,HUTANG LANCAR LAINNYA,8,PT. ANP,2
24105,24100,UANG MUKA Pasal 4 (2) Sewa Lahan,HUTANG LANCAR LAINNYA,8,PT. ANP,2
24106,24100,PPN KELUARAN,HUTANG LANCAR LAINNYA,8,PT. ANP,2
25100,,HUTANG JANGKA PANJANG PT.ANAE,HUTANG JANGKA PANJANG,9,PT. ANAE,1
25101,25100,HUTANG BANK BRI (KREDIT),HUTANG JANGKA PANJANG,9,PT. ANAE,1
25102,25100,HUTANG JANGKA PANJANG PT.ANP KE PT.ANAE,HUTANG JANGKA PANJANG,9,PT. ANAE,1
26100,,HUTANG JANGKA PANJANG PT.ANP,HUTANG JANGKA PANJANG,9,PT. ANP,2
26101,26100,HUTANG BANK …...,HUTANG JANGKA PANJANG,9,PT. ANP,2
26102,26100,HUTANG JANGKA PANJANG LAINNYA,HUTANG JANGKA PANJANG,9,PT. ANP,2
31100,,KOMPONEN MODAL PT.ANAE,EKUITAS,10,PT. ANAE,1
31101,31100,OPENING BALANCE EQUITY PT.ANAE,EKUITAS,10,PT. ANAE,1
31102,31100,MODAL PERUSAHAAN PT.ANAE,EKUITAS,10,PT. ANAE,1
31103,31100,LABA DITAHAN PT.ANAE,EKUITAS,10,PT. ANAE,1
31104,31100,AKUN SELISIH YANG DITEMUKAN PT.ANAE,EKUITAS,10,PT. ANAE,1
31105,31100,AKUN YANG DIPERTANYAKAN PT.ANAE,EKUITAS,10,PT. ANAE,1
32100,,KOMPONEN MODAL PT.ANP,EKUITAS,10,PT. ANP,2
32101,32100,OPENING BALANCE EQUITY PT.ANP,EKUITAS,10,PT. ANP,2
32102,32100,MODAL PERUSAHAAN PT.ANP,EKUITAS,10,PT. ANP,2
32103,32100,LABA DITAHAN PT.ANP,EKUITAS,10,PT. ANP,2
32104,32100,AKUN SELISIH YANG DITEMUKAN PT.ANP,EKUITAS,10,PT. ANP,2
32105,32100,AKUN YANG DIPERTANYAKAN PT.ANP,EKUITAS,10,PT. ANP,2
33100,,KOMPONEN MODAL PT.KPS,EKUITAS,10,PT. KPS,3
33101,33100,OPENING BALANCE EQUITY PT.KPS,EKUITAS,10,PT. KPS,3
33102,33100,MODAL PERUSAHAAN PT.KPS,EKUITAS,10,PT. KPS,3
33103,33100,LABA DITAHAN PT.KPS,EKUITAS,10,PT. KPS,3
33104,33100,AKUN SELISIH YANG DITEMUKAN PT.KPS,EKUITAS,10,PT. KPS,3
33105,33100,AKUN YANG DIPERTANYAKAN PT.KPS,EKUITAS,10,PT. KPS,3
34100,,KOMPONEN MODAL ADL,EKUITAS,10,ADL,4
34101,34100,OPENING BALANCE EQUITY ADL,EKUITAS,10,ADL,4
34102,34100,MODAL PERUSAHAAN ADL,EKUITAS,10,ADL,4
34103,34100,LABA DITAHAN ADL,EKUITAS,10,ADL,4
34104,34100,AKUN SELISIH YANG DITEMUKAN ADL,EKUITAS,10,ADL,4
34105,34100,AKUN YANG DIPERTANYAKAN ADL,EKUITAS,10,ADL,4
41100,,PENDAPATAN PT.ANAE,PENDAPATAN,11,PT. ANAE,1
41101,41100,PENJUALAN KARGO BATUBARA,PENDAPATAN,11,PT. ANAE,1
41102,41100,PENDAPATAN JASA PELABUHAN (BM) CRUSHER,PENDAPATAN,11,PT. ANAE,1
41103,41100,PENDAPATAN JASA PELABUHAN (BM) RAWCOAL,PENDAPATAN,11,PT. ANAE,1
42100,,PENDAPATAN PT.ANP,PENDAPATAN,11,PT. ANP,2
42101,42100,PENDAPATAN HAULING,PENDAPATAN,11,PT. ANP,2
42102,42100,PENDAPATAN PENGADAAN BARANG,PENDAPATAN,11,PT. ANP,2
42103,42100,PENDAPATAN PENGADAAN SEWA ALAT BERAT,PENDAPATAN,11,PT. ANP,2
42104,42100,PENDAPATAN SEWA ASET LAINNYA,PENDAPATAN,11,PT. ANP,2
43100,,PENDAPATAN PT.KPS,PENDAPATAN,11,PT. KPS,3
43101,43100,PENDAPATAN …...,PENDAPATAN,11,PT. KPS,3
43102,43100,PENDAPATAN …...,PENDAPATAN,11,PT. KPS,3
51100,,HPP PENJUALAN BATU PT.ANAE,HARGA POKOK PENJUALAN ,12,PT. ANAE,1
51101,51100,BIAYA BATU,HARGA POKOK PENJUALAN ,12,PT. ANAE,1
51102,51100,BIAYA PENYUSUTAN BATU,HARGA POKOK PENJUALAN ,12,PT. ANAE,1
51103,51100,BIAYA CARSURIN,HARGA POKOK PENJUALAN ,12,PT. ANAE,1
51104,51100,BIAYA JETTY,HARGA POKOK PENJUALAN ,12,PT. ANAE,1
51105,51100,BIAYA HAULING,HARGA POKOK PENJUALAN ,12,PT. ANAE,1
51106,51100,BIAYA PEMASARAN,HARGA POKOK PENJUALAN ,12,PT. ANAE,1
51107,51100,BIAYA PAJAK HAULING,HARGA POKOK PENJUALAN ,12,PT. ANAE,1
51108,51100,TAMBAHAN BIAYA BATU BTL,HARGA POKOK PENJUALAN ,12,PT. ANAE,1
51200,,HPP BM PELABUHAN PT.ANAE,HARGA POKOK PENJUALAN ,12,PT. ANAE,1
51201,51200,BIAYA BM PELABUHAN ,HARGA POKOK PENJUALAN ,12,PT. ANAE,1
51202,51200,BIAYA PNBP PELABUHAN ,HARGA POKOK PENJUALAN ,12,PT. ANAE,1
51203,51200,BIAYA SEWA PELABUHAN EWF,HARGA POKOK PENJUALAN ,12,PT. ANAE,1
51204,51200,BIAYA PINALTI PT.EWF,HARGA POKOK PENJUALAN ,12,PT. ANAE,1
51205,51200,BIAYA SEWA LAHAN PT.EWF,HARGA POKOK PENJUALAN ,12,PT. ANAE,1
52100,,HPP HAULING PT.ANP,HARGA POKOK PENJUALAN ,12,PT. ANP,2
52101,52100,BIAYA UANG JALAN MOBIL KANTOR,HARGA POKOK PENJUALAN ,12,PT. ANP,2
52102,52100,BIAYA UANG JALAN MOBIL GABUNGAN,HARGA POKOK PENJUALAN ,12,PT. ANP,2
52103,52100,BIAYA HUMAS HAULING,HARGA POKOK PENJUALAN ,12,PT. ANP,2
52104,52100,BIAYA SUBSIDI/PIJAK GAS,HARGA POKOK PENJUALAN ,12,PT. ANP,2
52200,,BIAYA JASA ANGKUTAN HAULING PT.ANP,HARGA POKOK PENJUALAN ,12,PT. ANP,2
52201,52200,BIAYA JASA HAULING PT.AKT,HARGA POKOK PENJUALAN ,12,PT. ANP,2
52202,52200,BIAYA JASA HAULING PT.TJP,HARGA POKOK PENJUALAN ,12,PT. ANP,2
52300,,HPP UNIT ANGKUTAN PT.ANP,HARGA POKOK PENJUALAN ,12,PT. ANP,2
52301,52300,BIAYA PERAWATAN MOBIL ANGKUTAN,HARGA POKOK PENJUALAN ,12,PT. ANP,2
52302,52300,BIAYA PERAWATAN ALAT BERAT,HARGA POKOK PENJUALAN ,12,PT. ANP,2
52303,52300,BIAYA LEGALITAS MOBIL ANGKUTAN,HARGA POKOK PENJUALAN ,12,PT. ANP,2
52304,52300,BIAYA UNIT LAIN-LAIN PT.ANP,HARGA POKOK PENJUALAN ,12,PT. ANP,2
52400,,HPP BIAYA PENYUSUTAN PT.ANP,HARGA POKOK PENJUALAN ,12,PT. ANP,2
52401,52400,BIAYA PENYUSUTAN KENDARAAN PT.ANP,HARGA POKOK PENJUALAN ,12,PT. ANP,2
52402,52400,BIAYA PENYUSUTAN ALAT BERAT,HARGA POKOK PENJUALAN ,12,PT. ANP,2
61100,,BIAYA GAJI KARYAWAN PT.ANAE,BEBAN,13,PT. ANAE,1
61101,61100,BIAYA GAJI KARYAWAN KANTOR,BEBAN,13,PT. ANAE,1
61102,61100,BIAYA UANG MAKAN KARYAWAN KANTOR,BEBAN,13,PT. ANAE,1
61103,61100,BIAYA GAJI CEKER PELABUHAN ,BEBAN,13,PT. ANAE,1
61104,61100,BIAYA UANG MAKAN CEKER PELABUHAN ,BEBAN,13,PT. ANAE,1
62100,,BIAYA GAJI KARYAWA PT.ANP,BEBAN,13,PT. ANP,2
62101,62100,BIAYA GAJI KARYAWAN KANTOR,BEBAN,13,PT. ANP,2
62102,62100,BIAYA UANG MAKAN KARYAWAN KANTOR,BEBAN,13,PT. ANP,2
62103,62100,BIAYA GAJI TENAGA KERJA TETAP LAPANGAN ,BEBAN,13,PT. ANP,2
62104,62100,BIAYA GAJI TENAGA KERJA MINGGUAN ,BEBAN,13,PT. ANP,2
63100,,BIAYA GAJI KARYAWAN PT.KPS,BEBAN,13,PT. KPS,3
63101,63100,BIAYA GAJI KARYAWAN KANTOR,BEBAN,13,PT. KPS,3
63102,63100,BIAYA UANG MAKAN KARYAWAN KANTOR,BEBAN,13,PT. KPS,3
64100,,BEBAN ADMINISTRASI DAN UMUM PT.ANAE,BEBAN,13,PT. ANAE,1
64101,64100,BIAYA KIRIM PAKET,BEBAN,13,PT. ANAE,1
64102,64100,BIAYA KONSUMSI PT.ANAE (KANTOR),BEBAN,13,PT. ANAE,1
64103,64100,BIAYA PERJALANAN DINAS,BEBAN,13,PT. ANAE,1
64104,64100,BIAYA ALAT TULIS KANTOR (ATK),BEBAN,13,PT. ANAE,1
64105,64100,BIAYA LISTRIK DAN PDAM,BEBAN,13,PT. ANAE,1
64106,64100,"BIAYA INTERNET, WIFI, DAN PULSA",BEBAN,13,PT. ANAE,1
64107,64100,"BIAYA LEGALITAS, PAJAK DAERAH, PARKIR, DLL",BEBAN,13,PT. ANAE,1
64108,64100,BEBAN PERAWATAN ASET KANTOR,BEBAN,13,PT. ANAE,1
65100,,BEBAN ADMINISTRASI DAN UMUM PT.ANP,BEBAN,13,PT. ANP,2
65101,65100,BIAYA KIRIM PAKET,BEBAN,13,PT. ANP,2
65102,65100,BIAYA KONSUMSI PT.ANAE (KANTOR),BEBAN,13,PT. ANP,2
65103,65100,BIAYA PERJALANAN DINAS,BEBAN,13,PT. ANP,2
65104,65100,BIAYA ALAT TULIS KANTOR (ATK),BEBAN,13,PT. ANP,2
65105,65100,BIAYA LISTRIK DAN PDAM,BEBAN,13,PT. ANP,2
65106,65100,"BIAYA INTERNET, WIFI, DAN PULSA",BEBAN,13,PT. ANP,2
65107,65100,"BIAYA LEGALITAS, PAJAK DAERAH, PARKIR, DLL",BEBAN,13,PT. ANP,2
65108,65100,BEBAN PERAWATAN ASET KANTOR,BEBAN,13,PT. ANP,2
65109,65100,BIAYA OPRASIONAL KMS,BEBAN,13,PT. ANP,2
65110,65100,BIAYA OPRASIONAL MESS 2 (YUDHA),BEBAN,13,PT. ANP,2
66100,,BEBAN BUNGA PT. ANAE,BEBAN,13,PT. ANAE,1
66101,66100,BIAYA BUNGA BRI,BEBAN,13,PT. ANAE,1
66102,66100,BIAYA LEASING ,BEBAN,13,PT. ANAE,1
66103,66100,BIAYA ASURANSI ,BEBAN,13,PT. ANAE,1
66200,,BEBAN BUNGA PT. ANP,BEBAN,13,PT. ANP,2
66201,66200,BIAYA BUNGA BRI,BEBAN,13,PT. ANP,2
66202,66200,BIAYA LEASING ,BEBAN,13,PT. ANP,2
66203,66200,BIAYA ASURANSI ,BEBAN,13,PT. ANP,2
67100,,BIAYA KTK PAJAK PT. ANAE,BEBAN,13,PT. ANAE,1
67101,67100,BIAYA ENTERTAINMENT,BEBAN,13,PT. ANAE,1
67102,67100,BIAYA SOSIAL,BEBAN,13,PT. ANAE,1
67103,67100,BIAYA HUMAS / KEAMANAN ,BEBAN,13,PT. ANAE,1
67104,67100,BIAYA BPJS KETENAGAKERJAAN ,BEBAN,13,PT. ANAE,1
67105,67100,BIAYA BPJS KESEHATAN ,BEBAN,13,PT. ANAE,1
67106,67100,BIAYA OPERASIONAL KMS,BEBAN,13,PT. ANAE,1
67200,,BIAYA KTK PAJAK PT. ANP,BEBAN,13,PT. ANP,2
67201,67200,BIAYA ENTERTAINMENT,BEBAN,13,PT. ANP,2
67202,67200,BIAYA SOSIAL,BEBAN,13,PT. ANP,2
67203,67200,BIAYA HUMAS / KEAMANAN ,BEBAN,13,PT. ANP,2
67204,67200,BIAYA BPJS KETENAGAKERJAAN ,BEBAN,13,PT. ANP,2
67205,67200,BIAYA BPJS KESEHATAN ,BEBAN,13,PT. ANP,2
67206,67200,BIAYA OPERASIONAL KMS,BEBAN,13,PT. ANP,2
71100,,PENDAPATAN DILUAR USAHA PT.ANAE,PENDAPATAN LAINNYA,14,PT. ANAE,1
71101,71100,PENDAPATAN LAIN-LAIN,PENDAPATAN LAINNYA,14,PT. ANAE,1
71102,71100,PENDAPATAN BUNGA BANK,PENDAPATAN LAINNYA,14,PT. ANAE,1
71103,71100,PENDAPATAN PPH 23,PENDAPATAN LAINNYA,14,PT. ANAE,1
72100,,PENDAPATAN DILUAR USAHA PT.ANP,PENDAPATAN LAINNYA,14,PT. ANP,2
72101,72100,PENDAPATAN LAIN-LAIN,PENDAPATAN LAINNYA,14,PT. ANP,2
72102,72100,PENDAPATAN BUNGA BANK,PENDAPATAN LAINNYA,14,PT. ANP,2
72103,72100,PENDAPATAN PPH 23,PENDAPATAN LAINNYA,14,PT. ANP,2
81100,,BEBAN DILUAR USAHA PT.ANAE,BEBAN LAIN-LAIN,15,PT. ANAE,1
81101,81100,BEBAN PAJAK BANK,BEBAN LAIN-LAIN,15,PT. ANAE,1
81102,81100,BIAYA ADM BANK,BEBAN LAIN-LAIN,15,PT. ANAE,1
81103,81100,BIAYA LAIN-LAIN,BEBAN LAIN-LAIN,15,PT. ANAE,1
83100,,BEBAN DILUAR USAHA PT.ANP,BEBAN LAIN-LAIN,15,PT. ANP,2
83101,83100,BEBAN PAJAK BANK,BEBAN LAIN-LAIN,15,PT. ANP,2
83102,83100,BIAYA ADM BANK,BEBAN LAIN-LAIN,15,PT. ANP,2
83103,83100,BIAYA LAIN-LAIN,BEBAN LAIN-LAIN,15,PT. ANP,2
91100,,BEBAN PAJAK PENGHASILAN PT.ANAE,BEBAN LAIN-LAIN,15,PT. ANAE,1
91101,91100,PAJAK PENGHASILAN PERUSAHAAN,BEBAN LAIN-LAIN,15,PT. ANAE,1
92100,,BEBAN PAJAK PENGHASILAN PT.ANP,BEBAN LAIN-LAIN,15,PT. ANP,2
92101,92100,PAJAK PENGHASILAN PERUSAHAAN,BEBAN LAIN-LAIN,15,PT. ANP,2